{"cameraMode":{"drawMode":0,"name":"Shaded","section":"Shading Mode"},"sceneLighting":true,"audioPlay":false,"sceneViewState":{"showFog":true,"showMaterialUpdate":false,"showSkybox":true,"showFlares":true,"showImageEffects":true,"showParticleSystems":true},"in2DMode":false,"pivot":{"x":-1.5660514831542969,"y":-0.9987831115722656,"z":4.452553749084473},"rotation":{"x":-0.164494588971138,"y":-0.8339836597442627,"z":0.3462303876876831,"w":-0.3973848223686218},"size":11.538975715637207,"orthographic":false}