{"cameraMode":{"drawMode":0,"name":"Shaded","section":"Shading Mode"},"sceneLighting":false,"audioPlay":false,"sceneViewState":{"showFog":true,"showMaterialUpdate":false,"showSkybox":false,"showFlares":true,"showImageEffects":true,"showParticleSystems":true},"in2DMode":false,"pivot":{"x":4.271463871002197,"y":-1.120368480682373,"z":-0.9300143718719482},"rotation":{"x":0.11871671676635742,"y":0.8801555633544922,"z":-0.30798569321632388,"w":0.34173911809921267},"size":1.0606601238250733,"orthographic":false}