{"cameraMode":{"drawMode":0,"name":"Shaded","section":"Shading Mode"},"sceneLighting":true,"audioPlay":false,"sceneViewState":{"showFog":true,"showMaterialUpdate":false,"showSkybox":true,"showFlares":true,"showImageEffects":true,"showParticleSystems":true},"in2DMode":false,"pivot":{"x":-1.8309377431869507,"y":2.3285224437713625,"z":2.818662166595459},"rotation":{"x":-0.24140524864196778,"y":0.33640119433403017,"z":-0.08805781602859497,"w":-0.9062609672546387},"size":5.648008346557617,"orthographic":false}