{"cameraMode":{"drawMode":0,"name":"Shaded","section":"Shading Mode"},"sceneLighting":true,"audioPlay":false,"sceneViewState":{"showFog":true,"showMaterialUpdate":false,"showSkybox":true,"showFlares":true,"showImageEffects":true,"showParticleSystems":true},"in2DMode":false,"pivot":{"x":-5.597406387329102,"y":-8.504840850830079,"z":19.452083587646486},"rotation":{"x":-0.2451547235250473,"y":0.18335455656051637,"z":-0.047194704413414,"w":-0.9508894681930542},"size":21.106243133544923,"orthographic":false}