{"cameraMode":{"drawMode":0,"name":"Shaded","section":"Shading Mode"},"sceneLighting":true,"audioPlay":false,"sceneViewState":{"showFog":true,"showMaterialUpdate":false,"showSkybox":true,"showFlares":true,"showImageEffects":true,"showParticleSystems":true},"in2DMode":false,"pivot":{"x":-2.623257637023926,"y":1.7525520324707032,"z":1.8989670276641846},"rotation":{"x":-0.13424567878246308,"y":-0.836881160736084,"z":0.47507330775260928,"w":-0.23647938668727876},"size":9.718297958374024,"orthographic":false}